19847,MARLUCIO ARNULFO,MARLUCIO,ARNULFO,39529846,1957439891,MARLUCIO@terra.com.br,432200,10019846
19848,ELBA JERSON,ELBA,JERSON,39529847,1957439892,ELBA@terra.com.br,521100,10019847
19849,THAISA DEONILDO,THAISA,DEONILDO,39529848,1957439893,THAISA@terra.com.br,231000,10019848
19850,VALDELCIO ANDRES,VALDELCIO,ANDRES,39529849,1957439894,VALDELCIO@terra.com.br,314220,10019849
19851,LGIA EDILOM,LGIA,EDILOM,39529850,1957439895,LGIA@terra.com.br,316660,10019850
19852,JACOB ADNELSON,JACOB,ADNELSON,39529851,1957439896,JACOB@terra.com.br,160005,10019851
19853,ACIO EUNPIO,ACIO,EUNPIO,39529852,1957439897,ACIO@terra.com.br,150550,10019852
19854,NACIB ANGLIO,NACIB,ANGLIO,39529853,1957439898,NACIB@terra.com.br,150660,10019853
19855,EDEVADO OLGA,EDEVADO,OLGA,39529854,1957439899,EDEVADO@terra.com.br,315310,10019854
19856,THOMAZ SUELI,THOMAZ,SUELI,39529855,1957439900,THOMAZ@terra.com.br,211195,10019855
19857,IOLANDA CHOZUM,IOLANDA,CHOZUM,39529856,1957439901,IOLANDA@terra.com.br,290770,10019856
19858,PAULO IDALINA,PAULO,IDALINA,39529857,1957439902,PAULO@terra.com.br,240710,10019857
19859,CLAUDIA IRES,CLAUDIA,IRES,39529858,1957439903,CLAUDIA@terra.com.br,270880,10019858
19860,GUINEL EDERVAL,GUINEL,EDERVAL,39529859,1957439904,GUINEL@terra.com.br,410315,10019859
19861,CINTHIA NEWTON,CINTHIA,NEWTON,39529860,1957439905,CINTHIA@terra.com.br,430085,10019860
19862,LADISLAU JOZINALDO,LADISLAU,JOZINALDO,39529861,1957439906,LADISLAU@terra.com.br,350850,10019861
19863,MOACYR ANTONY,MOACYR,ANTONY,39529862,1957439907,MOACYR@terra.com.br,320020,10019862
19864,ELIENAI RONAN,ELIENAI,RONAN,39529863,1957439908,ELIENAI@terra.com.br,410785,10019863
19865,VALQUIRIA VANESSA,VALQUIRIA,VANESSA,39529864,1957439909,VALQUIRIA@terra.com.br,150445,10019864
19866,UBIRASSIM ALTEVI,UBIRASSIM,ALTEVI,39529865,1957439910,UBIRASSIM@terra.com.br,521480,10019865
19867,EILSON MARCELLO,EILSON,MARCELLO,39529866,1957439911,EILSON@terra.com.br,316250,10019866
19868,HARUO IZAMAR,HARUO,IZAMAR,39529867,1957439912,HARUO@terra.com.br,521850,10019867
19869,DEIVID GEOVNNIO,DEIVID,GEOVNNIO,39529868,1957439913,DEIVID@terra.com.br,353440,10019868
19870,JADIR ANGELITA,JADIR,ANGELITA,39529869,1957439914,JADIR@terra.com.br,420243,10019869
19871,QUIMIE CLETO,QUIMIE,CLETO,39529870,1957439915,QUIMIE@terra.com.br,432067,10019870
19872,LOURDES IZILDA,LOURDES,IZILDA,39529871,1957439916,LOURDES@terra.com.br,270760,10019871
19873,MARLA ARISTON,MARLA,ARISTON,39529872,1957439917,MARLA@terra.com.br,510631,10019872
19874,JUCILEI ROBISON,JUCILEI,ROBISON,39529873,1957439918,JUCILEI@terra.com.br,520425,10019873
19875,CASSIO CASSIA,CASSIO,CASSIA,39529874,1957439919,CASSIO@terra.com.br,210235,10019874
19876,MILENA VALDECIR,MILENA,VALDECIR,39529875,1957439920,MILENA@terra.com.br,250980,10019875
19877,BENVINDO ELOI,BENVINDO,ELOI,39529876,1957439921,BENVINDO@terra.com.br,311455,10019876
19878,GLORINEIDE ISALTINO,GLORINEIDE,ISALTINO,39529877,1957439922,GLORINEIDE@terra.com.br,270880,10019877
19879,JANURIO TIBRIO,JANURIO,TIBRIO,39529878,1957439923,JANURIO@terra.com.br,312210,10019878
19880,VIVIAN ODINEIDE,VIVIAN,ODINEIDE,39529879,1957439924,VIVIAN@terra.com.br,310410,10019879
19881,DBORA AQUILES,DBORA,AQUILES,39529880,1957439925,DBORA@terra.com.br,351907,10019880
19882,JOZIVALDO SABINO,JOZIVALDO,SABINO,39529881,1957439926,JOZIVALDO@terra.com.br,241445,10019881
19883,JOSENALDO CAIO,JOSENALDO,CAIO,39529882,1957439927,JOSENALDO@terra.com.br,230185,10019882
19884,HUDSON DALMIRO,HUDSON,DALMIRO,39529883,1957439928,HUDSON@terra.com.br,522050,10019883
19885,ESDRAS WALTHER,ESDRAS,WALTHER,39529884,1957439929,ESDRAS@terra.com.br,210970,10019884
19886,LUANNA AMERICO,LUANNA,AMERICO,39529885,1957439930,LUANNA@terra.com.br,316530,10019885
19887,JANES ALLYSSON,JANES,ALLYSSON,39529886,1957439931,JANES@terra.com.br,330220,10019886
19888,INOCNCIO MARGARIDA,INOCNCIO,MARGARIDA,39529887,1957439932,INOCNCIO@terra.com.br,410753,10019887
19889,OLDAQUE HELMUT,OLDAQUE,HELMUT,39529888,1957439933,OLDAQUE@terra.com.br,355450,10019888
19890,CARLITO ALEXSANDRO,CARLITO,ALEXSANDRO,39529889,1957439934,CARLITO@terra.com.br,250100,10019889
19891,GLUCIO ONIVALDO,GLUCIO,ONIVALDO,39529890,1957439935,GLUCIO@terra.com.br,270450,10019890
19892,EMERSON WALKIRIA,EMERSON,WALKIRIA,39529891,1957439936,EMERSON@terra.com.br,313390,10019891
19893,CLETO HAIRTON,CLETO,HAIRTON,39529892,1957439937,CLETO@terra.com.br,240060,10019892
19894,CONSUELO DANIELLE,CONSUELO,DANIELLE,39529893,1957439938,CONSUELO@terra.com.br,421340,10019893
19895,GALILEO EVA,GALILEO,EVA,39529894,1957439939,GALILEO@terra.com.br,292770,10019894
19896,ARNOLDO BINGGELI,ARNOLDO,BINGGELI,39529895,1957439940,ARNOLDO@terra.com.br,293290,10019895
19897,CARMELIO NORDELIODE,CARMELIO,NORDELIODE,39529896,1957439941,CARMELIO@terra.com.br,220855,10019896
19898,JULIAN LUDOVICO,JULIAN,LUDOVICO,39529897,1957439942,JULIAN@terra.com.br,412820,10019897
19899,IRENO ARNULFO,IRENO,ARNULFO,39529898,1957439943,IRENO@terra.com.br,290990,10019898
19900,GENES IZAURINO,GENES,IZAURINO,39529899,1957439944,GENES@terra.com.br,220675,10019899
19901,IVAN FARLEY,IVAN,FARLEY,39529900,1957439945,IVAN@terra.com.br,316040,10019900
19902,SERJO ROSIMARI,SERJO,ROSIMARI,39529901,1957439946,SERJO@terra.com.br,315610,10019901
19903,JORDO JEVERSON,JORDO,JEVERSON,39529902,1957439947,JORDO@terra.com.br,421145,10019902
19904,DIONE GILBERTIANA,DIONE,GILBERTIANA,39529903,1957439948,DIONE@terra.com.br,312020,10019903
19905,OSORIO OLIVAR,OSORIO,OLIVAR,39529904,1957439949,OSORIO@terra.com.br,220025,10019904
19906,RONGRIO MILENA,RONGRIO,MILENA,39529905,1957439950,RONGRIO@terra.com.br,316130,10019905
19907,WALKER ERNANI,WALKER,ERNANI,39529906,1957439951,WALKER@terra.com.br,220780,10019906
19908,ACILINO CLUDIO,ACILINO,CLUDIO,39529907,1957439952,ACILINO@terra.com.br,292760,10019907
19909,ELIZANGELA ARY,ELIZANGELA,ARY,39529908,1957439953,ELIZANGELA@terra.com.br,310500,10019908
19910,CONRADO ANGELO,CONRADO,ANGELO,39529909,1957439954,CONRADO@terra.com.br,410300,10019909
19911,GLEYDSON GIUSEPE,GLEYDSON,GIUSEPE,39529910,1957439955,GLEYDSON@terra.com.br,292950,10019910
19912,FLORENCIO MARCELO,FLORENCIO,MARCELO,39529911,1957439956,FLORENCIO@terra.com.br,150270,10019911
19913,HUMBERTO HIELSON,HUMBERTO,HIELSON,39529912,1957439957,HUMBERTO@terra.com.br,431162,10019912
19914,ALEXANDRA OROZIMBO,ALEXANDRA,OROZIMBO,39529913,1957439958,ALEXANDRA@terra.com.br,240160,10019913
19915,GRIMALDO MILITO,GRIMALDO,MILITO,39529914,1957439959,GRIMALDO@terra.com.br,210870,10019914
19916,HANS AUGUSTO,HANS,AUGUSTO,39529915,1957439960,HANS@terra.com.br,220020,10019915
19917,DULCELENE RALPH,DULCELENE,RALPH,39529916,1957439961,DULCELENE@terra.com.br,150658,10019916
19918,ERNANDES RANILSON,ERNANDES,RANILSON,39529917,1957439962,ERNANDES@terra.com.br,220950,10019917
19919,LAURA WALTER,LAURA,WALTER,39529918,1957439963,LAURA@terra.com.br,220253,10019918
19920,GILDENOR JURATA,GILDENOR,JURATA,39529919,1957439964,GILDENOR@terra.com.br,170370,10019919
19921,LENES AOZENI,LENES,AOZENI,39529920,1957439965,LENES@terra.com.br,210542,10019920
19922,ODONTINO FLORACI,ODONTINO,FLORACI,39529921,1957439966,ODONTINO@terra.com.br,220095,10019921
19923,ARY LORENA,ARY,LORENA,39529922,1957439967,ARY@terra.com.br,316257,10019922
19924,HIPOLITO MATTHIAS,HIPOLITO,MATTHIAS,39529923,1957439968,HIPOLITO@terra.com.br,350340,10019923
19925,FLORIANO EMIR,FLORIANO,EMIR,39529924,1957439969,FLORIANO@terra.com.br,260150,10019924
19926,GISLAINE ANGELINA,GISLAINE,ANGELINA,39529925,1957439970,GISLAINE@terra.com.br,211250,10019925
19927,PRSIO FLAVIO,PRSIO,FLAVIO,39529926,1957439971,PRSIO@terra.com.br,431030,10019926
19928,DORVAL STEFAN,DORVAL,STEFAN,39529927,1957439972,DORVAL@terra.com.br,351310,10019927
19929,SALOMAO EDNEI,SALOMAO,EDNEI,39529928,1957439973,SALOMAO@terra.com.br,354900,10019928
19930,ADAUTO LIONSON,ADAUTO,LIONSON,39529929,1957439974,ADAUTO@terra.com.br,320335,10019929
19931,AMIR REGIS,AMIR,REGIS,39529930,1957439975,AMIR@terra.com.br,420490,10019930
19932,THAIZA BART,THAIZA,BART,39529931,1957439976,THAIZA@terra.com.br,221037,10019931
19933,ADEVAR IVANILDO,ADEVAR,IVANILDO,39529932,1957439977,ADEVAR@terra.com.br,330245,10019932
19934,JUVNCIO VANDER,JUVNCIO,VANDER,39529933,1957439978,JUVNCIO@terra.com.br,350000,10019933
19935,REINIS ADEMILSON,REINIS,ADEMILSON,39529934,1957439979,REINIS@terra.com.br,351240,10019934
19936,MIRALDO VALDEK,MIRALDO,VALDEK,39529935,1957439980,MIRALDO@terra.com.br,320503,10019935
19937,LUCAS YUKIKO,LUCAS,YUKIKO,39529936,1957439981,LUCAS@terra.com.br,316060,10019936
19938,BENCIO RANDAL,BENCIO,RANDAL,39529937,1957439982,BENCIO@terra.com.br,312675,10019937
19939,SIMAO CARMENCITA,SIMAO,CARMENCITA,39529938,1957439983,SIMAO@terra.com.br,260020,10019938
19940,TOSHIMASSA ADELSON,TOSHIMASSA,ADELSON,39529939,1957439984,TOSHIMASSA@terra.com.br,231010,10019939
19941,EVELYN ALAIR,EVELYN,ALAIR,39529940,1957439985,EVELYN@terra.com.br,316190,10019940
19942,LVIA OTONIEL,LVIA,OTONIEL,39529941,1957439986,LVIA@terra.com.br,171750,10019941
19943,ANTNIO MAURCIO,ANTNIO,MAURCIO,39529942,1957439987,ANTNIO@terra.com.br,412320,10019942
19944,EURIPEDES DEVANIR,EURIPEDES,DEVANIR,39529943,1957439988,EURIPEDES@terra.com.br,260860,10019943
19945,APARECIDA NILDA,APARECIDA,NILDA,39529944,1957439989,APARECIDA@terra.com.br,500060,10019944
19946,JUNHO RACHEL,JUNHO,RACHEL,39529945,1957439990,JUNHO@terra.com.br,421310,10019945
19947,CELINA YOLANDO,CELINA,YOLANDO,39529946,1957439991,CELINA@terra.com.br,240460,10019946
19948,ARNALDO VITORINO,ARNALDO,VITORINO,39529947,1957439992,ARNALDO@terra.com.br,520800,10019947
19949,VENTURA MATTHIAS,VENTURA,MATTHIAS,39529948,1957439993,VENTURA@terra.com.br,310880,10019948
19950,ALCENINHO ULDIS,ALCENINHO,ULDIS,39529949,1957439994,ALCENINHO@terra.com.br,171575,10019949
19951,GASTO JENIVALDO,GASTO,JENIVALDO,39529950,1957439995,GASTO@terra.com.br,510600,10019950
19952,JOSAF ALDENIR,JOSAF,ALDENIR,39529951,1957439996,JOSAF@terra.com.br,260710,10019951
19953,MOIZS IVANILDO,MOIZS,IVANILDO,39529952,1957439997,MOIZS@terra.com.br,150040,10019952
19954,ADELINO RICHARD,ADELINO,RICHARD,39529953,1957439998,ADELINO@terra.com.br,330430,10019953
19955,ATTILIO ANO,ATTILIO,ANO,39529954,1957439999,ATTILIO@terra.com.br,251200,10019954
19956,ZILDO ALAIN,ZILDO,ALAIN,39529955,1957440000,ZILDO@terra.com.br,411400,10019955
19957,ADILTON DEVAIR,ADILTON,DEVAIR,39529956,1957440001,ADILTON@terra.com.br,250800,10019956
19958,JEFFREY ENEAS,JEFFREY,ENEAS,39529957,1957440002,JEFFREY@terra.com.br,510830,10019957
19959,DENY ARNOLDO,DENY,ARNOLDO,39529958,1957440003,DENY@terra.com.br,430005,10019958
19960,ANNE VASCO,ANNE,VASCO,39529959,1957440004,ANNE@terra.com.br,150000,10019959
19961,FLEDILSON SAUL,FLEDILSON,SAUL,39529960,1957440005,FLEDILSON@terra.com.br,500793,10019960
19962,FABRISA SHEILA,FABRISA,SHEILA,39529961,1957440006,FABRISA@terra.com.br,240560,10019961
19963,CLAUDECY LYSTER,CLAUDECY,LYSTER,39529962,1957440007,CLAUDECY@terra.com.br,431848,10019962
19964,DANIELLE GYLSON,DANIELLE,GYLSON,39529963,1957440008,DANIELLE@terra.com.br,355600,10019963
19965,YURI JUNE,YURI,JUNE,39529964,1957440009,YURI@terra.com.br,130080,10019964
19966,LIDIANA VIVIANI,LIDIANA,VIVIANI,39529965,1957440010,LIDIANA@terra.com.br,313300,10019965
19967,UBIRASSIM JOSIENE,UBIRASSIM,JOSIENE,39529966,1957440011,UBIRASSIM@terra.com.br,354690,10019966
19968,KIYOMI FUSAKO,KIYOMI,FUSAKO,39529967,1957440012,KIYOMI@terra.com.br,421550,10019967
19969,EGON ANGELA,EGON,ANGELA,39529968,1957440013,EGON@terra.com.br,353370,10019968
19970,SANDRO FATIMA,SANDRO,FATIMA,39529969,1957440014,SANDRO@terra.com.br,351320,10019969
19971,NEZIAS GYLSON,NEZIAS,GYLSON,39529970,1957440015,NEZIAS@terra.com.br,354380,10019970
19972,SANDER WALMIR,SANDER,WALMIR,39529971,1957440016,SANDER@terra.com.br,231040,10019971
19973,RAMALHO RONDINELE,RAMALHO,RONDINELE,39529972,1957440017,RAMALHO@terra.com.br,293360,10019972
19974,MATUSALEM JESUINO,MATUSALEM,JESUINO,39529973,1957440018,MATUSALEM@terra.com.br,432055,10019973
19975,URANIO JUAN,URANIO,JUAN,39529974,1957440019,URANIO@terra.com.br,411885,10019974
19976,DEBORAH CLOVIS,DEBORAH,CLOVIS,39529975,1957440020,DEBORAH@terra.com.br,350040,10019975
19977,JANSLEY BRUCE,JANSLEY,BRUCE,39529976,1957440021,JANSLEY@terra.com.br,430655,10019976
19978,OSMRIO LINDALVA,OSMRIO,LINDALVA,39529977,1957440022,OSMRIO@terra.com.br,430064,10019977
19979,ELIVAR ROMULO,ELIVAR,ROMULO,39529978,1957440023,ELIVAR@terra.com.br,250430,10019978
19980,RONAN MELQUES,RONAN,MELQUES,39529979,1957440024,RONAN@terra.com.br,430480,10019979
19981,ELI ERNANE,ELI,ERNANE,39529980,1957440025,ELI@terra.com.br,351230,10019980
19982,SORAYA TEOTONIO,SORAYA,TEOTONIO,39529981,1957440026,SORAYA@terra.com.br,351518,10019981
19983,JOVAIR HUGO,JOVAIR,HUGO,39529982,1957440027,JOVAIR@terra.com.br,311800,10019982
19984,KARIN DIMAS,KARIN,DIMAS,39529983,1957440028,KARIN@terra.com.br,521830,10019983
19985,LESLIE OSMAR,LESLIE,OSMAR,39529984,1957440029,LESLIE@terra.com.br,315895,10019984
19986,JOELMA JANUARIO,JOELMA,JANUARIO,39529985,1957440030,JOELMA@terra.com.br,220987,10019985
19987,RAELSON SHIGUEYUKI,RAELSON,SHIGUEYUKI,39529986,1957440031,RAELSON@terra.com.br,230450,10019986
19988,ADELARA GINEZ,ADELARA,GINEZ,39529987,1957440032,ADELARA@terra.com.br,430180,10019987
19989,LADISLAU ORESTES,LADISLAU,ORESTES,39529988,1957440033,LADISLAU@terra.com.br,353540,10019988
19990,LINDOMAR QUIOXY,LINDOMAR,QUIOXY,39529989,1957440034,LINDOMAR@terra.com.br,280360,10019989
19991,RONAN EDIO,RONAN,EDIO,39529990,1957440035,RONAN@terra.com.br,290840,10019990
19992,GEIR UILTON,GEIR,UILTON,39529991,1957440036,GEIR@terra.com.br,291540,10019991
19993,ALCIRIO JOSHUA,ALCIRIO,JOSHUA,39529992,1957440037,ALCIRIO@terra.com.br,251020,10019992
19994,RALFIO VALDEMAR,RALFIO,VALDEMAR,39529993,1957440038,RALFIO@terra.com.br,510130,10019993
19995,SANDER ESTEFANO,SANDER,ESTEFANO,39529994,1957440039,SANDER@terra.com.br,355150,10019994
19996,IRIO EDICARLOS,IRIO,EDICARLOS,39529995,1957440040,IRIO@terra.com.br,231370,10019995
19997,JOSUEL BRUCE,JOSUEL,BRUCE,39529996,1957440041,JOSUEL@terra.com.br,500260,10019996
19998,GIVALDO DALEONI,GIVALDO,DALEONI,39529997,1957440042,GIVALDO@terra.com.br,421500,10019997
19999,DEJAIR PIERLUIGI,DEJAIR,PIERLUIGI,39529998,1957440043,DEJAIR@terra.com.br,160021,10019998
20000,CLAUDINEIA QUIOXY,CLAUDINEIA,QUIOXY,39529999,1957440044,CLAUDINEIA@terra.com.br,421620,10019999
20001,PERI ABLIO,PERI,ABLIO,39530000,1957440045,PERI@terra.com.br,354020,10020000
20002,EDUANI GULIVER,EDUANI,GULIVER,39530001,1957440046,EDUANI@terra.com.br,270910,10020001
20003,EUSEBIO RODNEI,EUSEBIO,RODNEI,39530002,1957440047,EUSEBIO@terra.com.br,420895,10020002
20004,ELIZETHE ELIAS,ELIZETHE,ELIAS,39530003,1957440048,ELIZETHE@terra.com.br,354190,10020003
20005,CLEONICE VALDINEI,CLEONICE,VALDINEI,39530004,1957440049,CLEONICE@terra.com.br,316850,10020004
20006,RUDINEI ARIEL,RUDINEI,ARIEL,39530005,1957440050,RUDINEI@terra.com.br,230395,10020005
20007,JOVELINO LILIANE,JOVELINO,LILIANE,39530006,1957440051,JOVELINO@terra.com.br,261190,10020006
20008,VIVIANA ADAILSON,VIVIANA,ADAILSON,39530007,1957440052,VIVIANA@terra.com.br,171660,10020007
20009,HE KATSUIKO,HE,KATSUIKO,39530008,1957440053,HE@terra.com.br,316630,10020008
20010,JOSEBIE ODIVAL,JOSEBIE,ODIVAL,39530009,1957440054,JOSEBIE@terra.com.br,291990,10020009
20011,IRENO NEYBER,IRENO,NEYBER,39530010,1957440055,IRENO@terra.com.br,410050,10020010
20012,EALTON ABEL,EALTON,ABEL,39530011,1957440056,EALTON@terra.com.br,354690,10020011
20013,JOSEILDA BOUTROS,JOSEILDA,BOUTROS,39530012,1957440057,JOSEILDA@terra.com.br,412790,10020012
20014,AGOSTINHO THALITA,AGOSTINHO,THALITA,39530013,1957440058,AGOSTINHO@terra.com.br,171665,10020013
20015,JOSEMARIO ELOY,JOSEMARIO,ELOY,39530014,1957440059,JOSEMARIO@terra.com.br,314400,10020014
20016,AVALMIR ALEXSANDRO,AVALMIR,ALEXSANDRO,39530015,1957440060,AVALMIR@terra.com.br,431290,10020015
20017,YUKIKO PRISCILLA,YUKIKO,PRISCILLA,39530016,1957440061,YUKIKO@terra.com.br,270860,10020016
20018,WILTON GERALDINO,WILTON,GERALDINO,39530017,1957440062,WILTON@terra.com.br,521030,10020017
20019,ANDREI HELVECIO,ANDREI,HELVECIO,39530018,1957440063,ANDREI@terra.com.br,521900,10020018
20020,MELISA VALDELINO,MELISA,VALDELINO,39530019,1957440064,MELISA@terra.com.br,313130,10020019
20021,MARLIA EDELSON,MARLIA,EDELSON,39530020,1957440065,MARLIA@terra.com.br,432215,10020020
20022,ILDEBRANDO ANNIA,ILDEBRANDO,ANNIA,39530021,1957440066,ILDEBRANDO@terra.com.br,411275,10020021
20023,NAIR ELIVANA,NAIR,ELIVANA,39530022,1957440067,NAIR@terra.com.br,330330,10020022
20024,MRIO CESARE,MRIO,CESARE,39530023,1957440068,MRIO@terra.com.br,280190,10020023
20025,DARCIO CLEMENTE,DARCIO,CLEMENTE,39530024,1957440069,DARCIO@terra.com.br,313190,10020024
20026,EDERVAL CIRENE,EDERVAL,CIRENE,39530025,1957440070,EDERVAL@terra.com.br,171150,10020025
20027,LAS ELEANDRO,LAS,ELEANDRO,39530026,1957440071,LAS@terra.com.br,130100,10020026
20028,PERCIO CLAUDIA,PERCIO,CLAUDIA,39530027,1957440072,PERCIO@terra.com.br,420920,10020027
20029,EMILIO HUGO,EMILIO,HUGO,39530028,1957440073,EMILIO@terra.com.br,510740,10020028
20030,GILIALDO MITIKO,GILIALDO,MITIKO,39530029,1957440074,GILIALDO@terra.com.br,521580,10020029
20031,ALICE ANDREI,ALICE,ANDREI,39530030,1957440075,ALICE@terra.com.br,312695,10020030
20032,ODIRLEI VALDIMIRO,ODIRLEI,VALDIMIRO,39530031,1957440076,ODIRLEI@terra.com.br,240280,10020031
20033,ROBISON JHONY,ROBISON,JHONY,39530032,1957440077,ROBISON@terra.com.br,431070,10020032
20034,ARNESTO PHYLLIS,ARNESTO,PHYLLIS,39530033,1957440078,ARNESTO@terra.com.br,420670,10020033
20035,NUBIA MAEVE,NUBIA,MAEVE,39530034,1957440079,NUBIA@terra.com.br,330513,10020034
20036,KARIM WILLIAM,KARIM,WILLIAM,39530035,1957440080,KARIM@terra.com.br,316070,10020035
20037,JENIVALDO KELIN,JENIVALDO,KELIN,39530036,1957440081,JENIVALDO@terra.com.br,313150,10020036
20038,DALTON WELBER,DALTON,WELBER,39530037,1957440082,DALTON@terra.com.br,521805,10020037
20039,IVONETE CRISTIANI,IVONETE,CRISTIANI,39530038,1957440083,IVONETE@terra.com.br,150650,10020038
20040,EDNALDO VALDEK,EDNALDO,VALDEK,39530039,1957440084,EDNALDO@terra.com.br,210920,10020039
20041,VLADIA PETRCIO,VLADIA,PETRCIO,39530040,1957440085,VLADIA@terra.com.br,314500,10020040
20042,RALFIO FRANCESCO,RALFIO,FRANCESCO,39530041,1957440086,RALFIO@terra.com.br,261210,10020041
20043,CHRISTIAN ADELCIO,CHRISTIAN,ADELCIO,39530042,1957440087,CHRISTIAN@terra.com.br,250115,10020042
20044,GLAUCO EVA,GLAUCO,EVA,39530043,1957440088,GLAUCO@terra.com.br,171630,10020043
20045,JOS DJACI,JOS,DJACI,39530044,1957440089,JOS@terra.com.br,430087,10020044
20046,JOLDES SIBLLE,JOLDES,SIBLLE,39530045,1957440090,JOLDES@terra.com.br,170240,10020045
20047,ROGES EUGNIO,ROGES,EUGNIO,39530046,1957440091,ROGES@terra.com.br,410845,10020046
20048,WESTHONKLAUSS CLAUDIO,WESTHONKLAUSS,CLAUDIO,39530047,1957440092,WESTHONKLAUSS@terra.com.br,354710,10020047
20049,NACITEL CLAUDIONOR,NACITEL,CLAUDIONOR,39530048,1957440093,NACITEL@terra.com.br,351030,10020048
20050,LUDOVICO ANTLIO,LUDOVICO,ANTLIO,39530049,1957440094,LUDOVICO@terra.com.br,231350,10020049
20051,GENOVEZ ALOIZIO,GENOVEZ,ALOIZIO,39530050,1957440095,GENOVEZ@terra.com.br,291140,10020050
20052,BRAZ IVAN,BRAZ,IVAN,39530051,1957440096,BRAZ@terra.com.br,431700,10020051
20053,SYLVIA ROBERTO,SYLVIA,ROBERTO,39530052,1957440097,SYLVIA@terra.com.br,352585,10020052
20054,OTACLIO LAURO,OTACLIO,LAURO,39530053,1957440098,OTACLIO@terra.com.br,220672,10020053
20055,MARGARIDA GLNIO,MARGARIDA,GLNIO,39530054,1957440099,MARGARIDA@terra.com.br,316070,10020054
20056,ISAURO OLYMPIO,ISAURO,OLYMPIO,39530055,1957440100,ISAURO@terra.com.br,430550,10020055
20057,CARMELIO ELISE,CARMELIO,ELISE,39530056,1957440101,CARMELIO@terra.com.br,150590,10020056
20058,IDALIA MARCIO,IDALIA,MARCIO,39530057,1957440102,IDALIA@terra.com.br,320310,10020057
20059,KLDERE MARILY,KLDERE,MARILY,39530058,1957440103,KLDERE@terra.com.br,210940,10020058
20060,OROZINO IVALDO,OROZINO,IVALDO,39530059,1957440104,OROZINO@terra.com.br,110130,10020059
20061,NOBUYUKI JUREMA,NOBUYUKI,JUREMA,39530060,1957440105,NOBUYUKI@terra.com.br,330530,10020060
20062,VANOIL ELENITA,VANOIL,ELENITA,39530061,1957440106,VANOIL@terra.com.br,430360,10020061
20063,JOSHUA KHALIL,JOSHUA,KHALIL,39530062,1957440107,JOSHUA@terra.com.br,270360,10020062
20064,ALECIO FRENANDO,ALECIO,FRENANDO,39530063,1957440108,ALECIO@terra.com.br,240070,10020063
20065,ROBSON CARLA,ROBSON,CARLA,39530064,1957440109,ROBSON@terra.com.br,120034,10020064
20066,YEH VALDEIR,YEH,VALDEIR,39530065,1957440110,YEH@terra.com.br,311615,10020065
20067,SCHEILA ALCIMAR,SCHEILA,ALCIMAR,39530066,1957440111,SCHEILA@terra.com.br,220350,10020066
20068,ROMILDA ROGERIO,ROMILDA,ROGERIO,39530067,1957440112,ROMILDA@terra.com.br,410785,10020067
20069,RONILTON ORIOVALDO,RONILTON,ORIOVALDO,39530068,1957440113,RONILTON@terra.com.br,315940,10020068
20070,ENILSON GIVANIL,ENILSON,GIVANIL,39530069,1957440114,ENILSON@terra.com.br,510269,10020069
20071,ZILMAR EVERTON,ZILMAR,EVERTON,39530070,1957440115,ZILMAR@terra.com.br,316090,10020070
20072,ALEILSON TOSHIYUKI,ALEILSON,TOSHIYUKI,39530071,1957440116,ALEILSON@terra.com.br,293130,10020071
20073,RENATA CELESTINO,RENATA,CELESTINO,39530072,1957440117,RENATA@terra.com.br,150760,10020072
20074,GRCIA HENRIQUE,GRCIA,HENRIQUE,39530073,1957440118,GRCIA@terra.com.br,510840,10020073
20075,VERONILDO NERIVALDO,VERONILDO,NERIVALDO,39530074,1957440119,VERONILDO@terra.com.br,172049,10020074
20076,ANNIA THEREZA,ANNIA,THEREZA,39530075,1957440120,ANNIA@terra.com.br,231400,10020075
20077,LOURDES JOVINO,LOURDES,JOVINO,39530076,1957440121,LOURDES@terra.com.br,510626,10020076
20078,RENIVALDO ILDEBRANDO,RENIVALDO,ILDEBRANDO,39530077,1957440122,RENIVALDO@terra.com.br,350395,10020077
20079,RAIMUNDO JUARI,RAIMUNDO,JUARI,39530078,1957440123,RAIMUNDO@terra.com.br,130210,10020078
20080,VITTORIO ABILIO,VITTORIO,ABILIO,39530079,1957440124,VITTORIO@terra.com.br,351910,10020079
20081,JANEOVAN ENALDO,JANEOVAN,ENALDO,39530080,1957440125,JANEOVAN@terra.com.br,293280,10020080
20082,EMANOEL ABRO,EMANOEL,ABRO,39530081,1957440126,EMANOEL@terra.com.br,522010,10020081
20083,FAIAL MIGUEL,FAIAL,MIGUEL,39530082,1957440127,FAIAL@terra.com.br,520900,10020082
20084,IRENO NATALE,IRENO,NATALE,39530083,1957440128,IRENO@terra.com.br,260690,10020083
20085,LI EDJANE,LI,EDJANE,39530084,1957440129,LI@terra.com.br,352880,10020084
20086,KTIA HOSANIEL,KTIA,HOSANIEL,39530085,1957440130,KTIA@terra.com.br,150506,10020085
20087,SADAKO JUNIVAL,SADAKO,JUNIVAL,39530086,1957440131,SADAKO@terra.com.br,312730,10020086
20088,CIDINEI JUDIMAR,CIDINEI,JUDIMAR,39530087,1957440132,CIDINEI@terra.com.br,210760,10020087
20089,SIMON DENNER,SIMON,DENNER,39530088,1957440133,SIMON@terra.com.br,352270,10020088
20090,VALDIRA DORINALDO,VALDIRA,DORINALDO,39530089,1957440134,VALDIRA@terra.com.br,313400,10020089
20091,DARIDIO GIOMAR,DARIDIO,GIOMAR,39530090,1957440135,DARIDIO@terra.com.br,291345,10020090
20092,VOLCEI EINI,VOLCEI,EINI,39530091,1957440136,VOLCEI@terra.com.br,260550,10020091
20093,YULLE EDNEI,YULLE,EDNEI,39530092,1957440137,YULLE@terra.com.br,431030,10020092
20094,RENATO JANEDSON,RENATO,JANEDSON,39530093,1957440138,RENATO@terra.com.br,430110,10020093
20095,JOAQUIM DENIS,JOAQUIM,DENIS,39530094,1957440139,JOAQUIM@terra.com.br,354320,10020094
20096,DIANE GERSON,DIANE,GERSON,39530095,1957440140,DIANE@terra.com.br,411300,10020095
20097,CCERO ARETHUSA,CCERO,ARETHUSA,39530096,1957440141,CCERO@terra.com.br,351400,10020096
20098,MAURA CERILO,MAURA,CERILO,39530097,1957440142,MAURA@terra.com.br,150600,10020097
20099,ROSELLY SELMA,ROSELLY,SELMA,39530098,1957440143,ROSELLY@terra.com.br,270240,10020098
20100,ALDEMIR ELDIA,ALDEMIR,ELDIA,39530099,1957440144,ALDEMIR@terra.com.br,430460,10020099
20101,MAGDA CHOZUM,MAGDA,CHOZUM,39530100,1957440145,MAGDA@terra.com.br,330285,10020100
20102,GEAZE GETULIO,GEAZE,GETULIO,39530101,1957440146,GEAZE@terra.com.br,351850,10020101
20103,CHOZUM VAGNER,CHOZUM,VAGNER,39530102,1957440147,CHOZUM@terra.com.br,421000,10020102
20104,HIPOLITO MONICA,HIPOLITO,MONICA,39530103,1957440148,HIPOLITO@terra.com.br,354510,10020103
20105,ANGLIO SYLVIA,ANGLIO,SYLVIA,39530104,1957440149,ANGLIO@terra.com.br,420400,10020104
20106,FERRCIO MAURICI,FERRCIO,MAURICI,39530105,1957440150,FERRCIO@terra.com.br,317140,10020105
20107,NIVON MARGARET,NIVON,MARGARET,39530106,1957440151,NIVON@terra.com.br,220985,10020106
20108,NEGIPE LUIGI,NEGIPE,LUIGI,39530107,1957440152,NEGIPE@terra.com.br,431590,10020107
20109,OSMRIO OSNIVALDO,OSMRIO,OSNIVALDO,39530108,1957440153,OSMRIO@terra.com.br,250160,10020108
20110,FRANCK BRANCA,FRANCK,BRANCA,39530109,1957440154,FRANCK@terra.com.br,353520,10020109
20111,DUSTAN OLYMPIO,DUSTAN,OLYMPIO,39530110,1957440155,DUSTAN@terra.com.br,240800,10020110
20112,EDEVADO NAYARA,EDEVADO,NAYARA,39530111,1957440156,EDEVADO@terra.com.br,220345,10020111
20113,BERENICE ETENILDO,BERENICE,ETENILDO,39530112,1957440157,BERENICE@terra.com.br,410900,10020112
20114,IDELFONSO ELISE,IDELFONSO,ELISE,39530113,1957440158,IDELFONSO@terra.com.br,431360,10020113
20115,ERIK ARETHUSA,ERIK,ARETHUSA,39530114,1957440159,ERIK@terra.com.br,230150,10020114
20116,ADELSON ZACARIAS,ADELSON,ZACARIAS,39530115,1957440160,ADELSON@terra.com.br,351630,10020115
20117,LUIGI DIEGO,LUIGI,DIEGO,39530116,1957440161,LUIGI@terra.com.br,355240,10020116
20118,GUO JAMIR,GUO,JAMIR,39530117,1957440162,GUO@terra.com.br,352490,10020117
20119,YVES IMAD,YVES,IMAD,39530118,1957440163,YVES@terra.com.br,261170,10020118
20120,EULER DAMIAO,EULER,DAMIAO,39530119,1957440164,EULER@terra.com.br,211010,10020119
20121,ALZIRA ADAUTO,ALZIRA,ADAUTO,39530120,1957440165,ALZIRA@terra.com.br,170950,10020120
20122,FRANKLIN JANUARIO,FRANKLIN,JANUARIO,39530121,1957440166,FRANKLIN@terra.com.br,312380,10020121
20123,ALTEVIR CLAUDIOVAN,ALTEVIR,CLAUDIOVAN,39530122,1957440167,ALTEVIR@terra.com.br,431480,10020122
20124,TANOS FUAD,TANOS,FUAD,39530123,1957440168,TANOS@terra.com.br,330160,10020123
20125,MARTINHO ANDREIA,MARTINHO,ANDREIA,39530124,1957440169,MARTINHO@terra.com.br,320150,10020124
20126,GIVANIL MARIANGELA,GIVANIL,MARIANGELA,39530125,1957440170,GIVANIL@terra.com.br,260340,10020125
20127,DENILSON KYOKO,DENILSON,KYOKO,39530126,1957440171,DENILSON@terra.com.br,520670,10020126
20128,RONIVOM ACIO,RONIVOM,ACIO,39530127,1957440172,RONIVOM@terra.com.br,250660,10020127
20129,SIBLLE GIDELTO,SIBLLE,GIDELTO,39530128,1957440173,SIBLLE@terra.com.br,410645,10020128
20130,SENICHIRO ISAURA,SENICHIRO,ISAURA,39530129,1957440174,SENICHIRO@terra.com.br,270860,10020129
20131,DANIELLA MUHIDIN,DANIELLA,MUHIDIN,39530130,1957440175,DANIELLA@terra.com.br,292190,10020130
20132,SIVONALDO MARLIA,SIVONALDO,MARLIA,39530131,1957440176,SIVONALDO@terra.com.br,411700,10020131
20133,SILENE EDIO,SILENE,EDIO,39530132,1957440177,SILENE@terra.com.br,421055,10020132
20134,RVIA MARIELLA,RVIA,MARIELLA,39530133,1957440178,RVIA@terra.com.br,291030,10020133
20135,FRANKLIN JADERSON,FRANKLIN,JADERSON,39530134,1957440179,FRANKLIN@terra.com.br,220180,10020134
20136,EMERSON PATRICK,EMERSON,PATRICK,39530135,1957440180,EMERSON@terra.com.br,355530,10020135
20137,SANDRA VALDIVINI,SANDRA,VALDIVINI,39530136,1957440181,SANDRA@terra.com.br,280320,10020136
20138,DEOCLCIO JOSUILTON,DEOCLCIO,JOSUILTON,39530137,1957440182,DEOCLCIO@terra.com.br,355670,10020137
20139,GUNTHER FLORENCIO,GUNTHER,FLORENCIO,39530138,1957440183,GUNTHER@terra.com.br,270135,10020138
20140,KAZUMI DIVINO,KAZUMI,DIVINO,39530139,1957440184,KAZUMI@terra.com.br,412385,10020139
20141,NAYARA DORALICE,NAYARA,DORALICE,39530140,1957440185,NAYARA@terra.com.br,353200,10020140
20142,JUDIMAR ALDEMAR,JUDIMAR,ALDEMAR,39530141,1957440186,JUDIMAR@terra.com.br,292205,10020141
20143,NEEMIAS GLEIBSON,NEEMIAS,GLEIBSON,39530142,1957440187,NEEMIAS@terra.com.br,421130,10020142
20144,ROGACIANO DICKSON,ROGACIANO,DICKSON,39530143,1957440188,ROGACIANO@terra.com.br,221160,10020143
20145,ASSIS AURELINO,ASSIS,AURELINO,39530144,1957440189,ASSIS@terra.com.br,230365,10020144
20146,LEONE SAUL,LEONE,SAUL,39530145,1957440190,LEONE@terra.com.br,240390,10020145
20147,WASHINGTON NILTON,WASHINGTON,NILTON,39530146,1957440191,WASHINGTON@yahoo.com.br,410560,10020146
20148,SRVIO IONE,SRVIO,IONE,39530147,1957440192,SRVIO@yahoo.com.br,220770,10020147
20149,HELY AGNELO,HELY,AGNELO,39530148,1957440193,HELY@yahoo.com.br,431265,10020148
20150,DJEFERSON FRANCIMARIO,DJEFERSON,FRANCIMARIO,39530149,1957440194,DJEFERSON@yahoo.com.br,412750,10020149
20151,DEJAIRSON JOSIAS,DEJAIRSON,JOSIAS,39530150,1957440195,DEJAIRSON@yahoo.com.br,220700,10020150
20152,MAGNO ZILMAR,MAGNO,ZILMAR,39530151,1957440196,MAGNO@yahoo.com.br,431310,10020151
20153,TAKEMICHI IVAN,TAKEMICHI,IVAN,39530152,1957440197,TAKEMICHI@yahoo.com.br,270060,10020152
20154,THEO REINHARD,THEO,REINHARD,39530153,1957440198,THEO@yahoo.com.br,316500,10020153
20155,LARS GERMINO,LARS,GERMINO,39530154,1957440199,LARS@yahoo.com.br,412135,10020154
20156,GERALDO ETEVALDO,GERALDO,ETEVALDO,39530155,1957440200,GERALDO@yahoo.com.br,353220,10020155
20157,DURVAL EDNILSON,DURVAL,EDNILSON,39530156,1957440201,DURVAL@yahoo.com.br,261560,10020156
20158,LAUDELINO ROGNIO,LAUDELINO,ROGNIO,39530157,1957440202,LAUDELINO@yahoo.com.br,351620,10020157
20159,JOSBECASI BASSAM,JOSBECASI,BASSAM,39530158,1957440203,JOSBECASI@yahoo.com.br,270510,10020158
20160,NICKOLAS ANDRE,NICKOLAS,ANDRE,39530159,1957440204,NICKOLAS@yahoo.com.br,354765,10020159
20161,DJALMA RENAN,DJALMA,RENAN,39530160,1957440205,DJALMA@yahoo.com.br,520430,10020160
20162,CSAR MASCIANO,CSAR,MASCIANO,39530161,1957440206,CSAR@yahoo.com.br,421390,10020161
20163,RODNEY VENTURA,RODNEY,VENTURA,39530162,1957440207,RODNEY@yahoo.com.br,210790,10020162
20164,VERNICA VICTOR,VERNICA,VICTOR,39530163,1957440208,VERNICA@yahoo.com.br,320210,10020163
20165,ARETHUSA ELIE,ARETHUSA,ELIE,39530164,1957440209,ARETHUSA@yahoo.com.br,410080,10020164
20166,CIRILO NATALIA,CIRILO,NATALIA,39530165,1957440210,CIRILO@yahoo.com.br,150240,10020165
20167,ALEGRIA GILDEVANIO,ALEGRIA,GILDEVANIO,39530166,1957440211,ALEGRIA@yahoo.com.br,110005,10020166
20168,ALTAMIRO EUGNIO,ALTAMIRO,EUGNIO,39530167,1957440212,ALTAMIRO@yahoo.com.br,250090,10020167
20169,MASARU WEIDER,MASARU,WEIDER,39530168,1957440213,MASARU@yahoo.com.br,293100,10020168
20170,AURINDO EDSEL,AURINDO,EDSEL,39530169,1957440214,AURINDO@yahoo.com.br,291810,10020169
20171,YVONNE CRMEN,YVONNE,CRMEN,39530170,1957440215,YVONNE@yahoo.com.br,270840,10020170
20172,HARUMI CATSUTOCHI,HARUMI,CATSUTOCHI,39530171,1957440216,HARUMI@yahoo.com.br,240000,10020171
20173,CLLIA CID,CLLIA,CID,39530172,1957440217,CLLIA@yahoo.com.br,520970,10020172
20174,FRED CAIO,FRED,CAIO,39530173,1957440218,FRED@yahoo.com.br,130356,10020173
20175,QUIMIE ROSANA,QUIMIE,ROSANA,39530174,1957440219,QUIMIE@yahoo.com.br,110007,10020174
20176,ROLANDO CYNTIA,ROLANDO,CYNTIA,39530175,1957440220,ROLANDO@yahoo.com.br,221130,10020175
20177,ADENISIO EDIMILSON,ADENISIO,EDIMILSON,39530176,1957440221,ADENISIO@yahoo.com.br,510030,10020176
20178,JUVENAL ERNANI,JUVENAL,ERNANI,39530177,1957440222,JUVENAL@yahoo.com.br,251370,10020177
20179,LAMARQUE SELMA,LAMARQUE,SELMA,39530178,1957440223,LAMARQUE@yahoo.com.br,430469,10020178
20180,AMARO ADDA,AMARO,ADDA,39530179,1957440224,AMARO@yahoo.com.br,292510,10020179
20181,ROVERLEI PETRNIO,ROVERLEI,PETRNIO,39530180,1957440225,ROVERLEI@yahoo.com.br,351250,10020180
20182,SILVANA GLEIBSON,SILVANA,GLEIBSON,39530181,1957440226,SILVANA@yahoo.com.br,510270,10020181
20183,IVANO ALBERTO,IVANO,ALBERTO,39530182,1957440227,IVANO@yahoo.com.br,291820,10020182
20184,DANAE ANGELINA,DANAE,ANGELINA,39530183,1957440228,DANAE@yahoo.com.br,310240,10020183
20185,IRACY DAYANI,IRACY,DAYANI,39530184,1957440229,IRACY@yahoo.com.br,280700,10020184
20186,HANS CLEONE,HANS,CLEONE,39530185,1957440230,HANS@yahoo.com.br,230125,10020185
20187,REGINA DIONE,REGINA,DIONE,39530186,1957440231,REGINA@yahoo.com.br,522150,10020186
20188,ALEGRIA IVERALDO,ALEGRIA,IVERALDO,39530187,1957440232,ALEGRIA@yahoo.com.br,130010,10020187
20189,KLEITON TAKEMICHI,KLEITON,TAKEMICHI,39530188,1957440233,KLEITON@yahoo.com.br,315445,10020188
20190,JONELICE OZIEL,JONELICE,OZIEL,39530189,1957440234,JONELICE@yahoo.com.br,312560,10020189
20191,DALMIRO UMBERTO,DALMIRO,UMBERTO,39530190,1957440235,DALMIRO@yahoo.com.br,315330,10020190
20192,IEDA AMARO,IEDA,AMARO,39530191,1957440236,IEDA@yahoo.com.br,315410,10020191
20193,ANDRS REGIVALDO,ANDRS,REGIVALDO,39530192,1957440237,ANDRS@yahoo.com.br,330020,10020192
20194,JOSIANE ELBA,JOSIANE,ELBA,39530193,1957440238,JOSIANE@yahoo.com.br,521780,10020193
20195,BERNADETE MILITO,BERNADETE,MILITO,39530194,1957440239,BERNADETE@yahoo.com.br,410165,10020194
20196,MAURICO TIAGO,MAURICO,TIAGO,39530195,1957440240,MAURICO@yahoo.com.br,355000,10020195
20197,MARCUS DEIVID,MARCUS,DEIVID,39530196,1957440241,MARCUS@yahoo.com.br,211260,10020196
20198,SILVIA RELTON,SILVIA,RELTON,39530197,1957440242,SILVIA@yahoo.com.br,250750,10020197
20199,GIUSEPE MORALES,GIUSEPE,MORALES,39530198,1957440243,GIUSEPE@yahoo.com.br,210725,10020198
20200,JOACHIM GERCI,JOACHIM,GERCI,39530199,1957440244,JOACHIM@yahoo.com.br,160053,10020199
20201,DANAE HORACIO,DANAE,HORACIO,39530200,1957440245,DANAE@yahoo.com.br,421500,10020200
20202,IARALI REINIS,IARALI,REINIS,39530201,1957440246,IARALI@yahoo.com.br,510624,10020201
20203,AMINADAB AGILSON,AMINADAB,AGILSON,39530202,1957440247,AMINADAB@yahoo.com.br,520050,10020202
20204,SERGIO JOVENIL,SERGIO,JOVENIL,39530203,1957440248,SERGIO@yahoo.com.br,290760,10020203
20205,CLAUDIONOR GULIVER,CLAUDIONOR,GULIVER,39530204,1957440249,CLAUDIONOR@yahoo.com.br,421570,10020204
20206,FLAVIANO ANNE,FLAVIANO,ANNE,39530205,1957440250,FLAVIANO@yahoo.com.br,110155,10020205
20207,ALDEMIR ZENILTO,ALDEMIR,ZENILTO,39530206,1957440251,ALDEMIR@yahoo.com.br,412000,10020206
20208,CESARIO AIDE,CESARIO,AIDE,39530207,1957440252,CESARIO@yahoo.com.br,210920,10020207
20209,MARCELINO CIRILO,MARCELINO,CIRILO,39530208,1957440253,MARCELINO@yahoo.com.br,411790,10020208
20210,JIRO BERNARDINO,JIRO,BERNARDINO,39530209,1957440254,JIRO@yahoo.com.br,231330,10020209
20211,KLEITON HERALDO,KLEITON,HERALDO,39530210,1957440255,KLEITON@yahoo.com.br,241320,10020210
20212,HERMES EDINEI,HERMES,EDINEI,39530211,1957440256,HERMES@yahoo.com.br,210355,10020211
20213,DELMIR ELIZAERTE,DELMIR,ELIZAERTE,39530212,1957440257,DELMIR@yahoo.com.br,353750,10020212
20214,LEONE PAULO,LEONE,PAULO,39530213,1957440258,LEONE@yahoo.com.br,251390,10020213
20215,DENY SLVIO,DENY,SLVIO,39530214,1957440259,DENY@yahoo.com.br,313780,10020214
20216,JOCELI ELENI,JOCELI,ELENI,39530215,1957440260,JOCELI@yahoo.com.br,412760,10020215
20217,ARNOLD IVAIR,ARNOLD,IVAIR,39530216,1957440261,ARNOLD@yahoo.com.br,250990,10020216
20218,VANDUIR JANIVAN,VANDUIR,JANIVAN,39530217,1957440262,VANDUIR@yahoo.com.br,220887,10020217
20219,GUO LINDEMBERG,GUO,LINDEMBERG,39530218,1957440263,GUO@yahoo.com.br,351270,10020218
20220,JODEIR THEO,JODEIR,THEO,39530219,1957440264,JODEIR@yahoo.com.br,520393,10020219
20221,REGINA NATANAEL,REGINA,NATANAEL,39530220,1957440265,REGINA@yahoo.com.br,314110,10020220
20222,RUGGERO ANDREI,RUGGERO,ANDREI,39530221,1957440266,RUGGERO@yahoo.com.br,315110,10020221
20223,OZIEL TETSUGI,OZIEL,TETSUGI,39530222,1957440267,OZIEL@yahoo.com.br,210675,10020222
20224,BERTIER ELISANGELA,BERTIER,ELISANGELA,39530223,1957440268,BERTIER@yahoo.com.br,411342,10020223
20225,DEOCLECIANO LUCIMARA,DEOCLECIANO,LUCIMARA,39530224,1957440269,DEOCLECIANO@yahoo.com.br,290310,10020224
20226,SANDRO JOSIMARA,SANDRO,JOSIMARA,39530225,1957440270,SANDRO@yahoo.com.br,241490,10020225
20227,MARCIA ROBERTO,MARCIA,ROBERTO,39530226,1957440271,MARCIA@yahoo.com.br,421720,10020226
20228,LINDALVA ALECIO,LINDALVA,ALECIO,39530227,1957440272,LINDALVA@yahoo.com.br,420160,10020227
20229,RONGRIO NBIA,RONGRIO,NBIA,39530228,1957440273,RONGRIO@yahoo.com.br,250070,10020228
20230,KATIAS TACIO,KATIAS,TACIO,39530229,1957440274,KATIAS@yahoo.com.br,230205,10020229
20231,ADALBERTO DURVAL,ADALBERTO,DURVAL,39530230,1957440275,ADALBERTO@yahoo.com.br,280230,10020230
20232,DANILO MAISA,DANILO,MAISA,39530231,1957440276,DANILO@yahoo.com.br,521670,10020231
20233,EDIMILSON JOSHUA,EDIMILSON,JOSHUA,39530232,1957440277,EDIMILSON@yahoo.com.br,311560,10020232
20234,MATEUS ROQUE,MATEUS,ROQUE,39530233,1957440278,MATEUS@yahoo.com.br,230600,10020233
20235,AFONSO RUBERVAL,AFONSO,RUBERVAL,39530234,1957440279,AFONSO@yahoo.com.br,500627,10020234
20236,ELENILZA HANS,ELENILZA,HANS,39530235,1957440280,ELENILZA@yahoo.com.br,211210,10020235
20237,ERECIANO MILENA,ERECIANO,MILENA,39530236,1957440281,ERECIANO@yahoo.com.br,350650,10020236
20238,CLAUDEMIR ERIVAN,CLAUDEMIR,ERIVAN,39530237,1957440282,CLAUDEMIR@yahoo.com.br,431645,10020237
20239,SIXTO MITICO,SIXTO,MITICO,39530238,1957440283,SIXTO@yahoo.com.br,353350,10020238
20240,GILVANIO TOMICO,GILVANIO,TOMICO,39530239,1957440284,GILVANIO@yahoo.com.br,314810,10020239
20241,TOMIO VENSCERLAU,TOMIO,VENSCERLAU,39530240,1957440285,TOMIO@yahoo.com.br,520420,10020240
20242,WALID GENTIL,WALID,GENTIL,39530241,1957440286,WALID@yahoo.com.br,170550,10020241
20243,SARA DIMAS,SARA,DIMAS,39530242,1957440287,SARA@yahoo.com.br,521980,10020242
20244,ELIZABETE LARCIO,ELIZABETE,LARCIO,39530243,1957440288,ELIZABETE@yahoo.com.br,280550,10020243
20245,ALEX DBORA,ALEX,DBORA,39530244,1957440289,ALEX@yahoo.com.br,210467,10020244
20246,VERONILDO ELISABETE,VERONILDO,ELISABETE,39530245,1957440290,VERONILDO@yahoo.com.br,315730,10020245
20247,ATILIO OTHON,ATILIO,OTHON,39530246,1957440291,ATILIO@yahoo.com.br,241355,10020246
20248,ELETE DENIR,ELETE,DENIR,39530247,1957440292,ELETE@yahoo.com.br,530010,10020247
20249,GRACILIANO GERALDINO,GRACILIANO,GERALDINO,39530248,1957440293,GRACILIANO@yahoo.com.br,241450,10020248
20250,LAUREANO FLAVIO,LAUREANO,FLAVIO,39530249,1957440294,LAUREANO@yahoo.com.br,410640,10020249
20251,TEFILO DIOGO,TEFILO,DIOGO,39530250,1957440295,TEFILO@yahoo.com.br,315217,10020250
20252,MARIANA GIORGIO,MARIANA,GIORGIO,39530251,1957440296,MARIANA@yahoo.com.br,315530,10020251
20253,ONOFRE ELAINE,ONOFRE,ELAINE,39530252,1957440297,ONOFRE@yahoo.com.br,270660,10020252
20254,ANO ALEJANDRO,ANO,ALEJANDRO,39530253,1957440298,ANO@yahoo.com.br,353460,10020253
20255,DANIEL MITSURU,DANIEL,MITSURU,39530254,1957440299,DANIEL@yahoo.com.br,270590,10020254
20256,ARNALDO RIZIA,ARNALDO,RIZIA,39530255,1957440300,ARNALDO@yahoo.com.br,430235,10020255
20257,GENIVAL EROALDO,GENIVAL,EROALDO,39530256,1957440301,GENIVAL@yahoo.com.br,352590,10020256
20258,JERSON JOANES,JERSON,JOANES,39530257,1957440302,JERSON@yahoo.com.br,412260,10020257
20259,MARCELE TAKAO,MARCELE,TAKAO,39530258,1957440303,MARCELE@yahoo.com.br,320060,10020258
20260,BONIFCIO LHIRTON,BONIFCIO,LHIRTON,39530259,1957440304,BONIFCIO@yahoo.com.br,412135,10020259
20261,FRANZISKA FAUZER,FRANZISKA,FAUZER,39530260,1957440305,FRANZISKA@yahoo.com.br,315110,10020260
20262,MELQUADES ODIR,MELQUADES,ODIR,39530261,1957440306,MELQUADES@yahoo.com.br,353570,10020261
20263,CERILO LAURA,CERILO,LAURA,39530262,1957440307,CERILO@yahoo.com.br,411342,10020262
20264,JENKINS KIYOMI,JENKINS,KIYOMI,39530263,1957440308,JENKINS@yahoo.com.br,430380,10020263
20265,HEISUKE DELCIO,HEISUKE,DELCIO,39530264,1957440309,HEISUKE@yahoo.com.br,250157,10020264
20266,ILDEMAR RUDIVAL,ILDEMAR,RUDIVAL,39530265,1957440310,ILDEMAR@yahoo.com.br,250690,10020265
20267,MAURO ATILA,MAURO,ATILA,39530266,1957440311,MAURO@yahoo.com.br,431531,10020266
20268,CSSIO HONERO,CSSIO,HONERO,39530267,1957440312,CSSIO@yahoo.com.br,240040,10020267
20269,SAULO GABRIELLE,SAULO,GABRIELLE,39530268,1957440313,SAULO@yahoo.com.br,350540,10020268
20270,ELENIL ALCIR,ELENIL,ALCIR,39530269,1957440314,ELENIL@yahoo.com.br,290265,10020269
20271,LAS HERMENEGILDO,LAS,HERMENEGILDO,39530270,1957440315,LAS@yahoo.com.br,150430,10020270
20272,REINALDO ODIVAL,REINALDO,ODIVAL,39530271,1957440316,REINALDO@yahoo.com.br,290680,10020271
20273,YOLIMAR IVONIR,YOLIMAR,IVONIR,39530272,1957440317,YOLIMAR@yahoo.com.br,314170,10020272
20274,ZENAIDE ADDA,ZENAIDE,ADDA,39530273,1957440318,ZENAIDE@yahoo.com.br,421830,10020273
20275,MANUEL MITIKO,MANUEL,MITIKO,39530274,1957440319,MANUEL@yahoo.com.br,412070,10020274
20276,AMS CHRISTIANNE,AMS,CHRISTIANNE,39530275,1957440320,AMS@yahoo.com.br,292340,10020275
20277,REN ROZIRENE,REN,ROZIRENE,39530276,1957440321,REN@yahoo.com.br,290280,10020276
20278,ROMINA LENALDO,ROMINA,LENALDO,39530277,1957440322,ROMINA@yahoo.com.br,220325,10020277
20279,DAMIO CLAUDECY,DAMIO,CLAUDECY,39530278,1957440323,DAMIO@yahoo.com.br,316280,10020278
20280,WILTON DIOGO,WILTON,DIOGO,39530279,1957440324,WILTON@yahoo.com.br,240000,10020279
20281,ELISABETE NESSIM,ELISABETE,NESSIM,39530280,1957440325,ELISABETE@yahoo.com.br,314840,10020280
20282,NUNO ANITA,NUNO,ANITA,39530281,1957440326,NUNO@yahoo.com.br,312320,10020281
20283,FRANCESCO IURI,FRANCESCO,IURI,39530282,1957440327,FRANCESCO@yahoo.com.br,350360,10020282
20284,CORNELIO JOVELINO,CORNELIO,JOVELINO,39530283,1957440328,CORNELIO@yahoo.com.br,314810,10020283
20285,JOSENALDO SHOJI,JOSENALDO,SHOJI,39530284,1957440329,JOSENALDO@yahoo.com.br,500150,10020284
20286,DANIELA NILDA,DANIELA,NILDA,39530285,1957440330,DANIELA@yahoo.com.br,432045,10020285
20287,ROVERLEI NADIR,ROVERLEI,NADIR,39530286,1957440331,ROVERLEI@yahoo.com.br,150700,10020286
20288,EVANY GELSON,EVANY,GELSON,39530287,1957440332,EVANY@yahoo.com.br,430120,10020287
20289,LUZIMAR LINOEL,LUZIMAR,LINOEL,39530288,1957440333,LUZIMAR@yahoo.com.br,311020,10020288
20290,JORGE WANDERLEI,JORGE,WANDERLEI,39530289,1957440334,JORGE@yahoo.com.br,410740,10020289
20291,LINDALVA ELVIO,LINDALVA,ELVIO,39530290,1957440335,LINDALVA@yahoo.com.br,314130,10020290
20292,HCTOR LUCIMAR,HCTOR,LUCIMAR,39530291,1957440336,HCTOR@yahoo.com.br,421430,10020291
20293,CARLOS EDRISIO,CARLOS,EDRISIO,39530292,1957440337,CARLOS@yahoo.com.br,420765,10020292
20294,ANITA SRGIO,ANITA,SRGIO,39530293,1957440338,ANITA@yahoo.com.br,231180,10020293
20295,DIRCEU ARNOLD,DIRCEU,ARNOLD,39530294,1957440339,DIRCEU@yahoo.com.br,352490,10020294
20296,MARCELLO HONERO,MARCELLO,HONERO,39530295,1957440340,MARCELLO@yahoo.com.br,311220,10020295
20297,AMARO BENEDITO,AMARO,BENEDITO,39530296,1957440341,AMARO@yahoo.com.br,250160,10020296
20298,SHIRLEY ALCIONE,SHIRLEY,ALCIONE,39530297,1957440342,SHIRLEY@yahoo.com.br,354680,10020297
20299,CLODOALDO CAMILA,CLODOALDO,CAMILA,39530298,1957440343,CLODOALDO@yahoo.com.br,312310,10020298
20300,AMANDO ANANIAS,AMANDO,ANANIAS,39530299,1957440344,AMANDO@yahoo.com.br,120070,10020299
20301,ARISTON LILLIAN,ARISTON,LILLIAN,39530300,1957440345,ARISTON@yahoo.com.br,431975,10020300
20302,NEWTON CESARIO,NEWTON,CESARIO,39530301,1957440346,NEWTON@yahoo.com.br,231330,10020301
20303,ARNOLDO JAMIRO,ARNOLDO,JAMIRO,39530302,1957440347,ARNOLDO@yahoo.com.br,520055,10020302
20304,SLVIO DANIELLE,SLVIO,DANIELLE,39530303,1957440348,SLVIO@yahoo.com.br,221020,10020303
20305,CLEINER GLAICON,CLEINER,GLAICON,39530304,1957440349,CLEINER@yahoo.com.br,421950,10020304
20306,CLAUDINEI MRCIA,CLAUDINEI,MRCIA,39530305,1957440350,CLAUDINEI@yahoo.com.br,260780,10020305
20307,CHRISTINE ARIALDO,CHRISTINE,ARIALDO,39530306,1957440351,CHRISTINE@yahoo.com.br,315720,10020306
20308,LENYCIA RONIVOM,LENYCIA,RONIVOM,39530307,1957440352,LENYCIA@yahoo.com.br,430265,10020307
20309,JEFFERSON ELCIO,JEFFERSON,ELCIO,39530308,1957440353,JEFFERSON@yahoo.com.br,210663,10020308
20310,YURI ANGELINA,YURI,ANGELINA,39530309,1957440354,YURI@yahoo.com.br,220865,10020309
20311,DALTON ELCIO,DALTON,ELCIO,39530310,1957440355,DALTON@yahoo.com.br,320140,10020310
20312,DANIEL HANNO,DANIEL,HANNO,39530311,1957440356,DANIEL@yahoo.com.br,311460,10020311
20313,ALTAFINI AMANCIO,ALTAFINI,AMANCIO,39530312,1957440357,ALTAFINI@yahoo.com.br,310290,10020312
20314,CLEINER ORLEANS,CLEINER,ORLEANS,39530313,1957440358,CLEINER@yahoo.com.br,291075,10020313
20315,WELSON JOSIAS,WELSON,JOSIAS,39530314,1957440359,WELSON@yahoo.com.br,355480,10020314
20316,ENEAS MELQUADES,ENEAS,MELQUADES,39530315,1957440360,ENEAS@yahoo.com.br,314330,10020315
20317,RENNE JAIRO,RENNE,JAIRO,39530316,1957440361,RENNE@yahoo.com.br,150555,10020316
20318,SANGER VANDERVAL,SANGER,VANDERVAL,39530317,1957440362,SANGER@yahoo.com.br,292950,10020317
20319,RAQUEL AMIR,RAQUEL,AMIR,39530318,1957440363,RAQUEL@yahoo.com.br,520610,10020318
20320,SHIGUEYUKI JUCILEI,SHIGUEYUKI,JUCILEI,39530319,1957440364,SHIGUEYUKI@yahoo.com.br,251130,10020319
20321,ALISON ADILTON,ALISON,ADILTON,39530320,1957440365,ALISON@yahoo.com.br,250020,10020320
20322,DOURINALDO GLADSON,DOURINALDO,GLADSON,39530321,1957440366,DOURINALDO@yahoo.com.br,220527,10020321
20323,ERIK CLAUDIOVAN,ERIK,CLAUDIOVAN,39530322,1957440367,ERIK@yahoo.com.br,352080,10020322
20324,AGNALDO SEUNG,AGNALDO,SEUNG,39530323,1957440368,AGNALDO@yahoo.com.br,293050,10020323
20325,SILVINO IDELFONSO,SILVINO,IDELFONSO,39530324,1957440369,SILVINO@yahoo.com.br,241270,10020324
20326,CINARA INGO,CINARA,INGO,39530325,1957440370,CINARA@yahoo.com.br,431960,10020325
20327,SILVANIA RONAN,SILVANIA,RONAN,39530326,1957440371,SILVANIA@yahoo.com.br,315790,10020326
20328,ALDERLEY DARIO,ALDERLEY,DARIO,39530327,1957440372,ALDERLEY@yahoo.com.br,351480,10020327
20329,LUZIMAR NATAL,LUZIMAR,NATAL,39530328,1957440373,LUZIMAR@yahoo.com.br,316935,10020328
20330,COSME GESS,COSME,GESS,39530329,1957440374,COSME@yahoo.com.br,311110,10020329
20331,CSSIO WANDER,CSSIO,WANDER,39530330,1957440375,CSSIO@yahoo.com.br,231120,10020330
20332,JERCINOEL ISRAEL,JERCINOEL,ISRAEL,39530331,1957440376,JERCINOEL@yahoo.com.br,420775,10020331
20333,RENIVALDO EUVANDERSON,RENIVALDO,EUVANDERSON,39530332,1957440377,RENIVALDO@yahoo.com.br,310780,10020332
20334,ARETHUSA FABIO,ARETHUSA,FABIO,39530333,1957440378,ARETHUSA@yahoo.com.br,311430,10020333
20335,GIUMA SYLVRIO,GIUMA,SYLVRIO,39530334,1957440379,GIUMA@yahoo.com.br,210845,10020334
20336,HERVAL MEIRE,HERVAL,MEIRE,39530335,1957440380,HERVAL@yahoo.com.br,521480,10020335
20337,ADAO ARISTIDES,ADAO,ARISTIDES,39530336,1957440381,ADAO@yahoo.com.br,130410,10020336
20338,ELIDERSON NAOKO,ELIDERSON,NAOKO,39530337,1957440382,ELIDERSON@yahoo.com.br,230590,10020337
20339,GLACI GESS,GLACI,GESS,39530338,1957440383,GLACI@yahoo.com.br,421189,10020338
20340,IVSON DIOGO,IVSON,DIOGO,39530339,1957440384,IVSON@yahoo.com.br,315610,10020339
20341,FRANCISNEI GERS,FRANCISNEI,GERS,39530340,1957440385,FRANCISNEI@yahoo.com.br,313390,10020340
20342,GRAZIELLA ROSALDO,GRAZIELLA,ROSALDO,39530341,1957440386,GRAZIELLA@yahoo.com.br,260140,10020341
20343,MARELGIO AMAURI,MARELGIO,AMAURI,39530342,1957440387,MARELGIO@yahoo.com.br,352770,10020342
20344,GEREMIAS MARINA,GEREMIAS,MARINA,39530343,1957440388,GEREMIAS@yahoo.com.br,421780,10020343
20345,ANGELINA NARDELLE,ANGELINA,NARDELLE,39530344,1957440389,ANGELINA@yahoo.com.br,290610,10020344
20346,TENG DENILSON,TENG,DENILSON,39530345,1957440390,TENG@yahoo.com.br,421410,10020345
20347,FERNANDA FELLIPE,FERNANDA,FELLIPE,39530346,1957440391,FERNANDA@yahoo.com.br,351140,10020346
20348,RAFAEL SILAS,RAFAEL,SILAS,39530347,1957440392,RAFAEL@yahoo.com.br,430100,10020347
20349,CARLA WANDER,CARLA,WANDER,39530348,1957440393,CARLA@yahoo.com.br,270090,10020348
20350,TU DIONISIO,TU,DIONISIO,39530349,1957440394,TU@yahoo.com.br,311500,10020349
20351,HUMBERTO MARISETE,HUMBERTO,MARISETE,39530350,1957440395,HUMBERTO@yahoo.com.br,292480,10020350
20352,ALZIRO MALCO,ALZIRO,MALCO,39530351,1957440396,ALZIRO@yahoo.com.br,220730,10020351
20353,NEGIPE PEDRO,NEGIPE,PEDRO,39530352,1957440397,NEGIPE@yahoo.com.br,220885,10020352
20354,JUSCELINO BONIFCIO,JUSCELINO,BONIFCIO,39530353,1957440398,JUSCELINO@yahoo.com.br,510785,10020353
20355,RAMILTON EUNICE,RAMILTON,EUNICE,39530354,1957440399,RAMILTON@yahoo.com.br,312010,10020354
20356,LETICIA RENIVALDO,LETICIA,RENIVALDO,39530355,1957440400,LETICIA@yahoo.com.br,250510,10020355
20357,LUCIANE LUISA,LUCIANE,LUISA,39530356,1957440401,LUCIANE@yahoo.com.br,260600,10020356
20358,SUMIKO JUMARA,SUMIKO,JUMARA,39530357,1957440402,SUMIKO@yahoo.com.br,316340,10020357
20359,NEGIPE KLAUS,NEGIPE,KLAUS,39530358,1957440403,NEGIPE@yahoo.com.br,210290,10020358
20360,LUANNA JURATA,LUANNA,JURATA,39530359,1957440404,LUANNA@yahoo.com.br,251440,10020359
20361,SULAMITA CORNLIO,SULAMITA,CORNLIO,39530360,1957440405,SULAMITA@yahoo.com.br,292045,10020360
20362,PHYLLIS LENES,PHYLLIS,LENES,39530361,1957440406,PHYLLIS@yahoo.com.br,421570,10020361
20363,JOSEFA GLUCIA,JOSEFA,GLUCIA,39530362,1957440407,JOSEFA@yahoo.com.br,351790,10020362
20364,DALVANE LUCIA,DALVANE,LUCIA,39530363,1957440408,DALVANE@yahoo.com.br,314380,10020363
20365,JUVNCIO DALVA,JUVNCIO,DALVA,39530364,1957440409,JUVNCIO@yahoo.com.br,432360,10020364
20366,EDNILSON ALVARO,EDNILSON,ALVARO,39530365,1957440410,EDNILSON@yahoo.com.br,221062,10020365
20367,ADALBERTO FRANCCESCO,ADALBERTO,FRANCCESCO,39530366,1957440411,ADALBERTO@yahoo.com.br,520145,10020366
20368,MAILA GASPAR,MAILA,GASPAR,39530367,1957440412,MAILA@yahoo.com.br,292230,10020367
20369,DINA MARICELIO,DINA,MARICELIO,39530368,1957440413,DINA@yahoo.com.br,412265,10020368
20370,SIDNI ETRUS,SIDNI,ETRUS,39530369,1957440414,SIDNI@yahoo.com.br,220000,10020369
20371,MITIKO ESPEDITO,MITIKO,ESPEDITO,39530370,1957440415,MITIKO@yahoo.com.br,316500,10020370
20372,HIROMI OTHMAR,HIROMI,OTHMAR,39530371,1957440416,HIROMI@yahoo.com.br,316730,10020371
20373,GULIVER OROZIMBO,GULIVER,OROZIMBO,39530372,1957440417,GULIVER@yahoo.com.br,430105,10020372
20374,GENTIL NECI,GENTIL,NECI,39530373,1957440418,GENTIL@yahoo.com.br,421715,10020373
20375,GILBERTIANA DEONILDO,GILBERTIANA,DEONILDO,39530374,1957440419,GILBERTIANA@yahoo.com.br,290040,10020374
20376,SILVANO JONILSON,SILVANO,JONILSON,39530375,1957440420,SILVANO@yahoo.com.br,313410,10020375
20377,NATALIA NUBIA,NATALIA,NUBIA,39530376,1957440421,NATALIA@yahoo.com.br,420517,10020376
20378,ELIANA ALLYSSON,ELIANA,ALLYSSON,39530377,1957440422,ELIANA@yahoo.com.br,350115,10020377
20379,TAKASHI JUSSARA,TAKASHI,JUSSARA,39530378,1957440423,TAKASHI@yahoo.com.br,172049,10020378
20380,EDNA TOSHIO,EDNA,TOSHIO,39530379,1957440424,EDNA@yahoo.com.br,351385,10020379
20381,CLAUDIA ROCO,CLAUDIA,ROCO,39530380,1957440425,CLAUDIA@yahoo.com.br,171884,10020380
20382,FABRCIO THIERS,FABRCIO,THIERS,39530381,1957440426,FABRCIO@yahoo.com.br,312190,10020381
20383,GILNADEJE CHARLLENY,GILNADEJE,CHARLLENY,39530382,1957440427,GILNADEJE@yahoo.com.br,290680,10020382
20384,JENIFER MARIO,JENIFER,MARIO,39530383,1957440428,JENIFER@yahoo.com.br,210000,10020383
20385,WERNER SILVIO,WERNER,SILVIO,39530384,1957440429,WERNER@yahoo.com.br,431880,10020384
20386,EALTON CARIOVALDO,EALTON,CARIOVALDO,39530385,1957440430,EALTON@yahoo.com.br,510650,10020385
20387,DANIELA GUARANY,DANIELA,GUARANY,39530386,1957440431,DANIELA@yahoo.com.br,430960,10020386
20388,JIMENA MUHIDIN,JIMENA,MUHIDIN,39530387,1957440432,JIMENA@yahoo.com.br,280150,10020387
20389,PETER EIJI,PETER,EIJI,39530388,1957440433,PETER@yahoo.com.br,412760,10020388
20390,VIRGNIA THELMA,VIRGNIA,THELMA,39530389,1957440434,VIRGNIA@yahoo.com.br,315400,10020389
20391,CLENIDAS YURI,CLENIDAS,YURI,39530390,1957440435,CLENIDAS@yahoo.com.br,251000,10020390
20392,DIANARY ALDEMAR,DIANARY,ALDEMAR,39530391,1957440436,DIANARY@yahoo.com.br,250600,10020391
20393,CONSTANTINO IRES,CONSTANTINO,IRES,39530392,1957440437,CONSTANTINO@yahoo.com.br,521110,10020392
20394,TOSHIHIRO CELMO,TOSHIHIRO,CELMO,39530393,1957440438,TOSHIHIRO@yahoo.com.br,320160,10020393
20395,BALMES ADEILTON,BALMES,ADEILTON,39530394,1957440439,BALMES@yahoo.com.br,241170,10020394
20396,PERTINO DENISE,PERTINO,DENISE,39530395,1957440440,PERTINO@yahoo.com.br,431140,10020395
20397,DRIO KENNEDY,DRIO,KENNEDY,39530396,1957440441,DRIO@yahoo.com.br,510777,10020396
20398,GENI ILDEFONSO,GENI,ILDEFONSO,39530397,1957440442,GENI@yahoo.com.br,352410,10020397
20399,URANIO HUGUETTI,URANIO,HUGUETTI,39530398,1957440443,URANIO@yahoo.com.br,351880,10020398
20400,WELLINGTON CLEONE,WELLINGTON,CLEONE,39530399,1957440444,WELLINGTON@yahoo.com.br,310180,10020399
20401,MERCEDES YANG,MERCEDES,YANG,39530400,1957440445,MERCEDES@yahoo.com.br,250150,10020400
20402,ADIRSON GUARANY,ADIRSON,GUARANY,39530401,1957440446,ADIRSON@yahoo.com.br,351885,10020401
20403,NORBERTO GILNADEJE,NORBERTO,GILNADEJE,39530402,1957440447,NORBERTO@yahoo.com.br,220196,10020402
20404,KAREN JOSILENE,KAREN,JOSILENE,39530403,1957440448,KAREN@yahoo.com.br,260515,10020403
20405,JOELMA NESSIM,JOELMA,NESSIM,39530404,1957440449,JOELMA@yahoo.com.br,431780,10020404
20406,ILTON FRED,ILTON,FRED,39530405,1957440450,ILTON@yahoo.com.br,420000,10020405
20407,BELMIRO DARCIO,BELMIRO,DARCIO,39530406,1957440451,BELMIRO@yahoo.com.br,292360,10020406
20408,NADJA GISELE,NADJA,GISELE,39530407,1957440452,NADJA@yahoo.com.br,316280,10020407
20409,ELENICE VIVIANE,ELENICE,VIVIANE,39530408,1957440453,ELENICE@yahoo.com.br,261330,10020408
20410,MIQUIAS LAURENILDO,MIQUIAS,LAURENILDO,39530409,1957440454,MIQUIAS@yahoo.com.br,431040,10020409
20411,MOIZS LORENA,MOIZS,LORENA,39530410,1957440455,MOIZS@yahoo.com.br,421750,10020410
20412,EDINAR GILVANDO,EDINAR,GILVANDO,39530411,1957440456,EDINAR@yahoo.com.br,410975,10020411
20413,CLAUDIOVAN ELISIA,CLAUDIOVAN,ELISIA,39530412,1957440457,CLAUDIOVAN@yahoo.com.br,352170,10020412
20414,VANDA ADILTON,VANDA,ADILTON,39530413,1957440458,VANDA@yahoo.com.br,110050,10020413
20415,NESTOR TU,NESTOR,TU,39530414,1957440459,NESTOR@yahoo.com.br,350130,10020414
20416,CASSIMIRO GLNIO,CASSIMIRO,GLNIO,39530415,1957440460,CASSIMIRO@yahoo.com.br,220327,10020415
20417,VANDERSON ANGELINA,VANDERSON,ANGELINA,39530416,1957440461,VANDERSON@yahoo.com.br,410425,10020416
20418,TERUO DELSON,TERUO,DELSON,39530417,1957440462,TERUO@yahoo.com.br,430070,10020417
20419,YUKO RAMAH,YUKO,RAMAH,39530418,1957440463,YUKO@yahoo.com.br,250840,10020418
20420,DARCY LAERTE,DARCY,LAERTE,39530419,1957440464,DARCY@yahoo.com.br,431843,10020419
20421,SLVIO LAMARQUE,SLVIO,LAMARQUE,39530420,1957440465,SLVIO@yahoo.com.br,421985,10020420
20422,YASSUYOSHI WALLACE,YASSUYOSHI,WALLACE,39530421,1957440466,YASSUYOSHI@yahoo.com.br,431500,10020421
20423,HELBERT FELIPE,HELBERT,FELIPE,39530422,1957440467,HELBERT@yahoo.com.br,210173,10020422
20424,EDVILSON ROSEMEIRE,EDVILSON,ROSEMEIRE,39530423,1957440468,EDVILSON@yahoo.com.br,312430,10020423
20425,HUGUETTI EDIRACI,HUGUETTI,EDIRACI,39530424,1957440469,HUGUETTI@yahoo.com.br,410210,10020424
20426,LISSETTE DILSON,LISSETTE,DILSON,39530425,1957440470,LISSETTE@yahoo.com.br,420180,10020425
20427,WILLIAM AMADEU,WILLIAM,AMADEU,39530426,1957440471,WILLIAM@yahoo.com.br,310210,10020426
20428,DJALMA MAURILIO,DJALMA,MAURILIO,39530427,1957440472,DJALMA@yahoo.com.br,310200,10020427
20429,MARCILIO MARTINIANO,MARCILIO,MARTINIANO,39530428,1957440473,MARCILIO@yahoo.com.br,510320,10020428
20430,JANIRA IVO,JANIRA,IVO,39530429,1957440474,JANIRA@yahoo.com.br,250880,10020429
20431,EDNALDO GUARANY,EDNALDO,GUARANY,39530430,1957440475,EDNALDO@yahoo.com.br,520355,10020430
20432,LINOEL OSNIVALDO,LINOEL,OSNIVALDO,39530431,1957440476,LINOEL@yahoo.com.br,353710,10020431
20433,ANDREY MITICO,ANDREY,MITICO,39530432,1957440477,ANDREY@yahoo.com.br,251315,10020432
20434,ELIEZER LINOEL,ELIEZER,LINOEL,39530433,1957440478,ELIEZER@yahoo.com.br,171090,10020433
20435,JUARI ROSE,JUARI,ROSE,39530434,1957440479,JUARI@yahoo.com.br,311220,10020434
20436,GEDOR IVANE,GEDOR,IVANE,39530435,1957440480,GEDOR@yahoo.com.br,290900,10020435
20437,MAICON GERS,MAICON,GERS,39530436,1957440481,MAICON@yahoo.com.br,410425,10020436
20438,OTHON CZAR,OTHON,CZAR,39530437,1957440482,OTHON@yahoo.com.br,412015,10020437
20439,JOSENALDO DEMRIO,JOSENALDO,DEMRIO,39530438,1957440483,JOSENALDO@yahoo.com.br,411950,10020438
20440,CLAUDIONOR FRANCISCO,CLAUDIONOR,FRANCISCO,39530439,1957440484,CLAUDIONOR@yahoo.com.br,220915,10020439
20441,JURUC VALDETE,JURUC,VALDETE,39530440,1957440485,JURUC@yahoo.com.br,314750,10020440
20442,ROSRIA VICENTE,ROSRIA,VICENTE,39530441,1957440486,ROSRIA@yahoo.com.br,230533,10020441
20443,THALITA MAURIVON,THALITA,MAURIVON,39530442,1957440487,THALITA@yahoo.com.br,312900,10020442
20444,VIVALDO MANUELA,VIVALDO,MANUELA,39530443,1957440488,VIVALDO@yahoo.com.br,421120,10020443
20445,EDNEY ILZA,EDNEY,ILZA,39530444,1957440489,EDNEY@yahoo.com.br,120001,10020444
20446,URANIO GENESIO,URANIO,GENESIO,39530445,1957440490,URANIO@yahoo.com.br,430355,10020445
20447,ABILIO ARIOVALDO,ABILIO,ARIOVALDO,39530446,1957440491,ABILIO@yahoo.com.br,320170,10020446
20448,AURINDO HELENA,AURINDO,HELENA,39530447,1957440492,AURINDO@yahoo.com.br,431970,10020447
20449,YOHEI TALES,YOHEI,TALES,39530448,1957440493,YOHEI@yahoo.com.br,312200,10020448
20450,ITAMAR SYLVIA,ITAMAR,SYLVIA,39530449,1957440494,ITAMAR@yahoo.com.br,231150,10020449
20451,RAILTON JOBERTO,RAILTON,JOBERTO,39530450,1957440495,RAILTON@yahoo.com.br,311570,10020450
20452,EDIREZ DIMAS,EDIREZ,DIMAS,39530451,1957440496,EDIREZ@yahoo.com.br,313440,10020451
20453,FARLEY JUNHO,FARLEY,JUNHO,39530452,1957440497,FARLEY@yahoo.com.br,432254,10020452
20454,INCIO ZILDO,INCIO,ZILDO,39530453,1957440498,INCIO@yahoo.com.br,280070,10020453
20455,LUCIA OSMARINO,LUCIA,OSMARINO,39530454,1957440499,LUCIA@yahoo.com.br,510040,10020454
20456,SLVIO VALDECI,SLVIO,VALDECI,39530455,1957440500,SLVIO@yahoo.com.br,421290,10020455
20457,EDNILSON YOSXIO,EDNILSON,YOSXIO,39530456,1957440501,EDNILSON@yahoo.com.br,521305,10020456
20458,JOEILTON ROBERTSON,JOEILTON,ROBERTSON,39530457,1957440502,JOEILTON@yahoo.com.br,520455,10020457
20459,SNIA LEONARDO,SNIA,LEONARDO,39530458,1957440503,SNIA@yahoo.com.br,320515,10020458
20460,WESLEY DIONE,WESLEY,DIONE,39530459,1957440504,WESLEY@yahoo.com.br,293076,10020459
20461,LEONILDO FREDISON,LEONILDO,FREDISON,39530460,1957440505,LEONILDO@yahoo.com.br,210325,10020460
20462,ALAIDE RONDINELE,ALAIDE,RONDINELE,39530461,1957440506,ALAIDE@yahoo.com.br,316050,10020461
20463,DJALMA ELEONORA,DJALMA,ELEONORA,39530462,1957440507,DJALMA@yahoo.com.br,314980,10020462
20464,ANISIO JOHN,ANISIO,JOHN,39530463,1957440508,ANISIO@yahoo.com.br,250407,10020463
20465,CLODOALDO CLCIO,CLODOALDO,CLCIO,39530464,1957440509,CLODOALDO@yahoo.com.br,240970,10020464
20466,ISIDRIO EULER,ISIDRIO,EULER,39530465,1957440510,ISIDRIO@yahoo.com.br,412250,10020465
20467,ROMULO LEE,ROMULO,LEE,39530466,1957440511,ROMULO@yahoo.com.br,411530,10020466
20468,DALVANE DALEONI,DALVANE,DALEONI,39530467,1957440512,DALVANE@yahoo.com.br,354030,10020467
20469,ADAIRES LARCIO,ADAIRES,LARCIO,39530468,1957440513,ADAIRES@yahoo.com.br,353960,10020468
20470,VANDERLIN COSMO,VANDERLIN,COSMO,39530469,1957440514,VANDERLIN@yahoo.com.br,110030,10020469
20471,EMIR DELFINO,EMIR,DELFINO,39530470,1957440515,EMIR@yahoo.com.br,350090,10020470
20472,LIONEL EDVAL,LIONEL,EDVAL,39530471,1957440516,LIONEL@yahoo.com.br,314780,10020471
20473,JOSEFINA WALLACE,JOSEFINA,WALLACE,39530472,1957440517,JOSEFINA@yahoo.com.br,220155,10020472
20474,OSMUNDO VALENTIM,OSMUNDO,VALENTIM,39530473,1957440518,OSMUNDO@yahoo.com.br,314050,10020473
20475,IZILDA MARTA,IZILDA,MARTA,39530474,1957440519,IZILDA@yahoo.com.br,352000,10020474
20476,MAIRA NICOLAU,MAIRA,NICOLAU,39530475,1957440520,MAIRA@yahoo.com.br,250780,10020475
20477,TADASHI ARLETE,TADASHI,ARLETE,39530476,1957440521,TADASHI@yahoo.com.br,220200,10020476
20478,JUCILEI JORIV,JUCILEI,JORIV,39530477,1957440522,JUCILEI@yahoo.com.br,420213,10020477
20479,ODINEIDE KAUY,ODINEIDE,KAUY,39530478,1957440523,ODINEIDE@yahoo.com.br,293317,10020478
20480,HERIVELTO ADDA,HERIVELTO,ADDA,39530479,1957440524,HERIVELTO@yahoo.com.br,313505,10020479
20481,JEOACAZ JOVELINO,JEOACAZ,JOVELINO,39530480,1957440525,JEOACAZ@yahoo.com.br,315890,10020480
20482,ALMEIDA GYLSON,ALMEIDA,GYLSON,39530481,1957440526,ALMEIDA@yahoo.com.br,315500,10020481
20483,DENIR JESUS,DENIR,JESUS,39530482,1957440527,DENIR@yahoo.com.br,410350,10020482
20484,VLADIMIR AUREO,VLADIMIR,AUREO,39530483,1957440528,VLADIMIR@yahoo.com.br,430637,10020483
20485,REGIANE TOMS,REGIANE,TOMS,39530484,1957440529,REGIANE@yahoo.com.br,421569,10020484
20486,EURIPEDES ZENAIDE,EURIPEDES,ZENAIDE,39530485,1957440530,EURIPEDES@yahoo.com.br,220910,10020485
20487,JOCELI ADRIANO,JOCELI,ADRIANO,39530486,1957440531,JOCELI@yahoo.com.br,260050,10020486
20488,FIDELCINO ALEXANDER,FIDELCINO,ALEXANDER,39530487,1957440532,FIDELCINO@yahoo.com.br,241440,10020487
20489,RAINER SCHEILA,RAINER,SCHEILA,39530488,1957440533,RAINER@yahoo.com.br,270630,10020488
20490,FRENANDO KLEITON,FRENANDO,KLEITON,39530489,1957440534,FRENANDO@yahoo.com.br,110070,10020489
20491,EULER IATA,EULER,IATA,39530490,1957440535,EULER@yahoo.com.br,140060,10020490
20492,EMILIANO RIYUSEI,EMILIANO,RIYUSEI,39530491,1957440536,EMILIANO@yahoo.com.br,431242,10020491
20493,IRENIO ERIOSVALDO,IRENIO,ERIOSVALDO,39530492,1957440537,IRENIO@yahoo.com.br,314660,10020492
20494,EDMUR TADASHI,EDMUR,TADASHI,39530493,1957440538,EDMUR@yahoo.com.br,221010,10020493
20495,KAZUYOCHI ROBSON,KAZUYOCHI,ROBSON,39530494,1957440539,KAZUYOCHI@yahoo.com.br,315410,10020494
20496,TOMAZ MARK,TOMAZ,MARK,39530495,1957440540,TOMAZ@yahoo.com.br,412160,10020495
20497,HANNO JONAS,HANNO,JONAS,39530496,1957440541,HANNO@yahoo.com.br,170625,10020496
20498,ENEIDA NATLIA,ENEIDA,NATLIA,39530497,1957440542,ENEIDA@yahoo.com.br,430720,10020497
20499,GUINALDO INS,GUINALDO,INS,39530498,1957440543,GUINALDO@yahoo.com.br,421715,10020498
20500,CRUZ ALZIRA,CRUZ,ALZIRA,39530499,1957440544,CRUZ@yahoo.com.br,292700,10020499
20501,MORVAN VAMBERTO,MORVAN,VAMBERTO,39530500,1957440545,MORVAN@yahoo.com.br,312590,10020500
20502,CHRISTHIANNE ETENILDO,CHRISTHIANNE,ETENILDO,39530501,1957440546,CHRISTHIANNE@yahoo.com.br,312110,10020501
20503,DONIZETTI TELMA,DONIZETTI,TELMA,39530502,1957440547,DONIZETTI@yahoo.com.br,251610,10020502
20504,JUSCELINO NICOLAU,JUSCELINO,NICOLAU,39530503,1957440548,JUSCELINO@yahoo.com.br,412510,10020503
20505,CELCINA CARLO,CELCINA,CARLO,39530504,1957440549,CELCINA@yahoo.com.br,520490,10020504
20506,ADIRSON CATSUTOCHI,ADIRSON,CATSUTOCHI,39530505,1957440550,ADIRSON@yahoo.com.br,220070,10020505
20507,ELIEL EDMIR,ELIEL,EDMIR,39530506,1957440551,ELIEL@yahoo.com.br,431205,10020506
20508,ALTON IMAD,ALTON,IMAD,39530507,1957440552,ALTON@yahoo.com.br,241460,10020507
20509,IV NESTOR,IV,NESTOR,39530508,1957440553,IV@yahoo.com.br,410130,10020508
20510,RENATO RODOLFO,RENATO,RODOLFO,39530509,1957440554,RENATO@yahoo.com.br,430192,10020509
20511,ELISABETH ADILSON,ELISABETH,ADILSON,39530510,1957440555,ELISABETH@yahoo.com.br,520810,10020510
20512,SYLVIO CORNELIO,SYLVIO,CORNELIO,39530511,1957440556,SYLVIO@yahoo.com.br,314440,10020511
20513,LI ANNIA,LI,ANNIA,39530512,1957440557,LI@yahoo.com.br,510729,10020512
20514,VALDIMAR SHOSIRO,VALDIMAR,SHOSIRO,39530513,1957440558,VALDIMAR@yahoo.com.br,230590,10020513
20515,SAMY FRANZISKA,SAMY,FRANZISKA,39530514,1957440559,SAMY@yahoo.com.br,421165,10020514
20516,RUS JADER,RUS,JADER,39530515,1957440560,RUS@yahoo.com.br,160050,10020515
20517,IVANDARO ARETHUSA,IVANDARO,ARETHUSA,39530516,1957440561,IVANDARO@yahoo.com.br,353460,10020516
20518,ATAMIR MOISS,ATAMIR,MOISS,39530517,1957440562,ATAMIR@yahoo.com.br,291320,10020517
20519,NAHASHON OCTAVIO,NAHASHON,OCTAVIO,39530518,1957440563,NAHASHON@yahoo.com.br,430063,10020518
20520,ERNANE MARTA,ERNANE,MARTA,39530519,1957440564,ERNANE@yahoo.com.br,353320,10020519
20521,RAILEY RAMALHO,RAILEY,RAMALHO,39530520,1957440565,RAILEY@yahoo.com.br,260415,10020520
20522,ELIANAY ALTAIDE,ELIANAY,ALTAIDE,39530521,1957440566,ELIANAY@yahoo.com.br,240325,10020521
20523,FIDELCINO CELMO,FIDELCINO,CELMO,39530522,1957440567,FIDELCINO@yahoo.com.br,172093,10020522
20524,RITA ARINALDO,RITA,ARINALDO,39530523,1957440568,RITA@yahoo.com.br,351950,10020523
20525,VALCIR VENSCERLAU,VALCIR,VENSCERLAU,39530524,1957440569,VALCIR@yahoo.com.br,150090,10020524
20526,EDIVANILDO SILVINO,EDIVANILDO,SILVINO,39530525,1957440570,EDIVANILDO@yahoo.com.br,520010,10020525